"","points.1","points.2","names"
"EPI_ISL_15752035.A.Brazil.2010",-250.538621997155,-12.0506578001672,"EPI_ISL_15752035.A.Brazil.2010"
"EPI_ISL_2575417.B.USA.2014",-252.578937529835,-25.2620086911007,"EPI_ISL_2575417.B.USA.2014"
"EPI_ISL_11428307.B.England.2015",-252.56465495741,-25.2617890637793,"EPI_ISL_11428307.B.England.2015"
"EPI_ISL_2575423.B.Nicaragua.2015",-252.503903290015,-25.2499334629271,"EPI_ISL_2575423.B.Nicaragua.2015"
"EPI_ISL_2587410.A.New_Zealand.2015",100.398615182337,334.402957075582,"EPI_ISL_2587410.A.New_Zealand.2015"
"EPI_ISL_2575474.B.Kenya.2010",211.365984263313,-72.7735235666607,"EPI_ISL_2575474.B.Kenya.2010"
"EPI_ISL_2582196.A.Jordan.2011",231.379876711609,-57.9284747376425,"EPI_ISL_2582196.A.Jordan.2011"
"EPI_ISL_2582197.A.USA.2015",231.561454817479,-57.7839005915436,"EPI_ISL_2582197.A.USA.2015"
"EPI_ISL_6494953.A.England.2012",233.480186799679,-58.092669161761,"EPI_ISL_6494953.A.England.2012"
