"","points.1","points.2","names"
"EPI_ISL_15752035.A.Brazil.2010",47.2528801755107,0.0637563760118418,"EPI_ISL_15752035.A.Brazil.2010"
"EPI_ISL_2575417.B.USA.2014",-10.4957331406872,-5.21411969431488,"EPI_ISL_2575417.B.USA.2014"
"EPI_ISL_2575474.B.Kenya.2010",-7.64810225343988,-1.68724333611595,"EPI_ISL_2575474.B.Kenya.2010"
"EPI_ISL_2575471.B.Philippines.2015",-7.73250844766769,1.43927338494998,"EPI_ISL_2575471.B.Philippines.2015"
"EPI_ISL_11428307.B.England.2015",-9.72618986007288,1.75596711879669,"EPI_ISL_11428307.B.England.2015"
"EPI_ISL_2575423.B.Nicaragua.2015",-11.650346473643,3.64236615067234,"EPI_ISL_2575423.B.Nicaragua.2015"
